,Student_ID,Attendance(%),Internal_Marks,Assignments_Submitted,Previous_Sem_Result(%),Name,Section,Branch
0,S1000,81.0,30.1,2,82.8,Krishna Sharma,C,IT
1,S1001,73.3,31.4,0,64.4,Anika Patel,A,CSE
2,S1002,82.8,34.5,4,67.6,Myra Kumar,C,IT
3,S1003,93.3,34.3,6,78.6,Reyansh Bhatt,C,CSE
4,S1004,72.2,19.7,5,64.9,Sai Saxena,A,CSE
5,S1005,72.2,22.4,0,71.8,Dev Verma,A,AIML
6,S1006,94.0,31.1,4,77.2,Vivaan Gupta,C,CSE
7,S1007,84.2,31.1,4,73.5,Kavya Patel,B,AIML
8,S1008,69.4,31.1,5,69.3,Simran Agarwal,C,IT
9,S1009,81.5,40.0,2,91.7,Vivaan Bhatt,C,IT
10,S1010,69.4,31.4,4,83.6,Isha Bhatt,C,IT
11,S1011,69.4,34.8,6,63.7,Manav Patel,C,IT
12,S1012,77.9,33.7,4,51.4,Raj Saxena,A,AIML
13,S1013,52.0,31.9,4,74.6,Anika Sharma,C,IT
14,S1014,54.3,26.1,4,68.2,Ananya Kapoor,B,CSE
15,S1015,68.3,32.6,9,90.6,Karan Reddy,A,CSE
16,S1016,62.8,23.4,9,79.8,Rohan Mishra,B,CSE
17,S1017,78.8,26.6,2,76.5,Karan Singh,B,AIML
18,S1018,64.1,25.1,0,65.2,Sai Malhotra,B,IT
19,S1019,58.1,28.5,4,51.9,Reyansh Chauhan,B,IT
20,S1020,92.6,40.0,8,62.0,Aman Agarwal,A,IT
21,S1021,72.3,16.8,0,72.2,Saanvi Verma,A,AIML
22,S1022,75.8,32.1,2,39.1,Varun Bhatt,B,CSE
23,S1023,57.9,18.3,3,83.6,Krishna Malhotra,B,CSE
24,S1024,68.5,25.2,0,96.0,Sai Bhatt,A,IT
25,S1025,76.3,34.5,0,35.8,Riya Agarwal,A,CSE
26,S1026,61.2,28.4,7,44.0,Nikhil Saxena,A,CSE
27,S1027,79.5,21.5,1,68.4,Isha Gupta,C,AIML
28,S1028,67.8,23.7,7,56.3,Aditya Patel,C,AIML
29,S1029,71.5,32.1,6,68.9,Riya Gupta,C,AIML
30,S1030,67.8,23.6,9,63.9,Myra Singh,B,AIML
31,S1031,97.2,29.3,9,49.6,Yash Reddy,C,IT
32,S1032,74.8,28.3,1,84.3,Varun Chauhan,B,AIML
33,S1033,62.3,24.1,5,72.0,Ananya Chauhan,B,CSE
34,S1034,84.9,40.0,5,56.6,Aman Mishra,C,IT
35,S1035,60.3,31.8,2,87.6,Anika Gupta,B,CSE
36,S1036,77.5,15.8,10,57.4,Sneha Yadav,C,CSE
37,S1037,51.5,29.1,1,46.4,Shreya Patel,C,CSE
38,S1038,59.1,24.0,0,67.8,Ananya Nair,A,AIML
39,S1039,77.4,33.1,5,70.3,Yash Reddy,C,AIML
40,S1040,83.9,23.2,4,73.0,Meera Patel,A,IT
41,S1041,77.1,27.3,10,75.4,Rahul Verma,C,IT
42,S1042,73.6,31.0,8,72.7,Myra Verma,C,AIML
43,S1043,71.4,33.2,0,72.1,Rahul Malhotra,A,CSE
44,S1044,57.3,20.8,6,56.4,Anika Gupta,A,IT
45,S1045,66.4,26.0,4,54.8,Kavya Saxena,C,AIML
46,S1046,69.5,25.2,4,76.1,Rahul Mishra,B,AIML
47,S1047,87.7,24.1,1,68.7,Pooja Malhotra,A,AIML
48,S1048,79.1,38.6,10,77.3,Varun Kumar,B,CSE
49,S1049,53.8,30.4,2,39.4,Saanvi Kumar,B,AIML
50,S1050,78.9,20.4,6,57.5,Aadhya Bhatt,B,AIML
51,S1051,70.4,33.5,5,93.6,Shreya Reddy,A,AIML
52,S1052,66.9,40.0,1,73.3,Divya Kapoor,B,AIML
53,S1053,82.3,34.2,5,69.4,Divya Malhotra,A,IT
54,S1054,87.4,18.9,1,75.6,Nikhil Patel,B,IT
55,S1055,86.2,25.1,1,98.1,Ishaan Iyer,C,AIML
56,S1056,64.9,35.6,1,95.0,Pooja Gupta,C,CSE
57,S1057,71.3,23.8,10,41.3,Vihaan Singh,A,IT
58,S1058,79.0,30.7,2,46.8,Rohan Yadav,C,AIML
59,S1059,86.7,32.6,1,40.8,Dev Agarwal,C,IT
60,S1060,69.2,22.4,3,53.8,Arjun Malhotra,B,IT
61,S1061,72.8,27.6,8,65.8,Yash Agarwal,A,CSE
62,S1062,61.7,8.6,5,68.6,Varun Iyer,B,AIML
63,S1063,60.6,21.9,0,42.0,Saanvi Bhatt,B,AIML
64,S1064,84.8,26.5,7,37.0,Aarav Singh,B,CSE
65,S1065,91.3,20.5,6,53.5,Shreya Reddy,B,CSE
66,S1066,74.1,37.8,9,78.7,Karan Singh,B,AIML
67,S1067,87.0,19.4,2,81.4,Riya Kapoor,B,AIML
68,S1068,79.3,25.4,0,90.6,Ananya Nair,B,CSE
69,S1069,67.3,28.8,4,64.5,Aarav Reddy,A,IT
70,S1070,79.3,36.6,3,77.4,Simran Yadav,C,IT
71,S1071,93.5,19.4,9,80.1,Simran Singh,B,CSE
72,S1072,74.6,35.0,7,57.5,Priya Iyer,B,IT
73,S1073,93.8,28.1,0,70.8,Sneha Mishra,B,CSE
74,S1074,43.6,22.1,9,74.9,Rohan Chauhan,B,IT
75,S1075,84.9,30.8,0,51.4,Ananya Bhatt,B,IT
76,S1076,76.0,29.2,3,89.6,Tanya Sharma,B,AIML
77,S1077,71.4,24.4,7,64.4,Sneha Joshi,C,AIML
78,S1078,76.1,28.4,4,66.3,Pooja Sharma,C,IT
79,S1079,51.1,25.7,1,50.8,Krishna Chauhan,B,IT
80,S1080,72.4,28.7,5,53.3,Priya Patel,C,AIML
81,S1081,79.3,32.0,4,32.1,Vihaan Patel,A,AIML
82,S1082,92.7,37.5,1,65.8,Nisha Gupta,B,AIML
83,S1083,68.8,20.6,10,100.0,Sai Menon,A,CSE
84,S1084,65.3,40.0,10,49.7,Arjun Bhatt,A,IT
85,S1085,69.0,16.3,10,100.0,Ishaan Kumar,B,AIML
86,S1086,86.0,27.1,2,86.2,Neha Bhatt,C,IT
87,S1087,78.9,31.5,8,57.9,Ananya Reddy,A,CSE
88,S1088,68.6,29.7,6,65.4,Tanya Agarwal,B,CSE
89,S1089,81.2,24.3,6,63.0,Dev Mishra,A,AIML
90,S1090,76.2,26.8,10,90.6,Shreya Mishra,A,CSE
91,S1091,86.6,25.0,5,72.8,Priya Malhotra,A,IT
92,S1092,66.6,24.5,7,82.7,Nikhil Nair,A,AIML
93,S1093,71.1,33.1,3,70.4,Tanya Nair,C,IT
94,S1094,70.3,30.1,7,63.3,Krishna Patel,A,IT
95,S1095,57.4,23.8,3,69.9,Myra Gupta,A,CSE
96,S1096,78.6,33.4,7,58.9,Karan Sharma,A,CSE
97,S1097,78.1,29.8,8,43.2,Divya Bhatt,C,CSE
98,S1098,75.1,32.9,2,77.2,Myra Saxena,A,CSE
99,S1099,72.2,31.8,2,42.5,Myra Sharma,A,CSE
100,S1100,58.0,23.0,10,61.0,Arjun Verma,C,AIML
101,S1101,70.0,24.6,1,58.4,Myra Gupta,C,IT
102,S1102,70.9,32.5,9,74.7,Aditya Joshi,C,IT
103,S1103,65.4,31.7,2,88.5,Arjun Iyer,A,IT
104,S1104,73.1,27.9,2,83.1,Aadhya Reddy,C,IT
105,S1105,79.8,28.7,4,75.1,Pooja Mishra,C,CSE
106,S1106,97.6,35.7,4,55.6,Shreya Kumar,A,IT
107,S1107,77.1,24.5,1,62.2,Nisha Saxena,C,AIML
108,S1108,78.1,31.3,9,60.1,Neha Patel,A,AIML
109,S1109,74.1,26.8,5,57.9,Neha Kapoor,B,IT
110,S1110,52.0,26.7,4,59.0,Isha Singh,C,IT
111,S1111,74.7,34.6,5,58.6,Reyansh Kapoor,B,AIML
112,S1112,75.7,33.0,0,57.9,Aman Kapoor,A,AIML
113,S1113,100.0,32.9,4,79.3,Manav Nair,C,CSE
114,S1114,72.7,35.8,8,49.2,Vihaan Singh,A,AIML
115,S1115,78.6,28.1,9,54.1,Vihaan Malhotra,B,CSE
116,S1116,74.6,32.1,1,41.2,Karan Singh,A,CSE
117,S1117,61.0,26.1,0,86.2,Aadhya Mishra,C,CSE
118,S1118,88.7,29.9,9,53.1,Isha Bhatt,C,CSE
119,S1119,84.0,27.2,10,74.9,Raj Kumar,B,CSE
120,S1120,84.5,28.6,8,72.1,Dev Yadav,A,IT
121,S1121,64.1,31.6,9,84.8,Anika Nair,C,AIML
122,S1122,91.8,23.1,8,61.8,Aadhya Gupta,B,CSE
123,S1123,58.2,40.0,8,50.8,Raj Bhatt,C,AIML
124,S1124,82.0,22.0,5,41.7,Reyansh Verma,C,AIML
125,S1125,100.0,20.7,7,30.0,Shreya Sharma,A,CSE
126,S1126,63.1,34.9,10,67.4,Sai Patel,C,IT
127,S1127,68.2,32.7,0,76.6,Ananya Kapoor,A,CSE
128,S1128,76.2,31.7,9,72.1,Pooja Menon,C,IT
129,S1129,69.0,31.8,3,42.1,Kavya Malhotra,B,AIML
130,S1130,56.4,27.9,0,80.6,Vihaan Yadav,C,IT
131,S1131,75.8,22.6,7,54.5,Yash Sharma,A,IT
132,S1132,62.3,28.5,0,51.4,Yash Reddy,A,IT
133,S1133,80.7,23.9,2,54.2,Varun Rao,B,AIML
134,S1134,64.0,33.9,3,66.2,Dev Bhatt,C,AIML
135,S1135,93.6,27.1,7,42.7,Pooja Kumar,C,IT
136,S1136,65.6,23.0,5,64.4,Isha Rao,B,IT
137,S1137,71.1,26.1,9,71.4,Kavya Verma,C,CSE
138,S1138,84.8,30.5,6,81.6,Divya Bhatt,C,IT
139,S1139,60.2,24.6,7,67.6,Vihaan Joshi,A,CSE
140,S1140,77.7,23.1,1,44.9,Vihaan Verma,C,IT
141,S1141,90.7,29.5,9,67.2,Divya Menon,C,CSE
142,S1142,55.7,29.5,10,49.1,Simran Iyer,B,AIML
143,S1143,77.2,25.0,7,48.2,Ananya Verma,B,IT
144,S1144,78.1,25.2,2,44.6,Simran Gupta,A,IT
145,S1145,84.4,29.4,6,36.3,Diya Gupta,C,IT
146,S1146,60.2,19.3,2,56.5,Sneha Gupta,C,IT
147,S1147,59.2,19.6,6,81.9,Aadhya Malhotra,C,CSE
148,S1148,81.3,23.7,10,98.8,Krishna Saxena,A,IT
149,S1149,78.6,26.7,1,56.4,Aadhya Saxena,A,AIML
150,S1150,78.0,29.9,9,81.3,Sneha Verma,B,AIML
151,S1151,79.2,36.9,5,59.1,Kritika Gupta,A,IT
152,S1152,66.8,33.1,2,40.2,Manav Saxena,C,AIML
153,S1153,77.8,27.0,2,75.5,Nisha Iyer,C,IT
154,S1154,78.5,27.9,8,68.5,Rahul Reddy,A,IT
155,S1155,66.4,22.0,6,92.3,Kavya Joshi,C,AIML
156,S1156,97.4,27.9,4,42.0,Aadhya Reddy,C,IT
157,S1157,80.7,26.3,9,100.0,Siddharth Kumar,A,AIML
158,S1158,60.7,29.9,6,88.9,Priya Nair,A,CSE
159,S1159,82.9,23.0,8,64.7,Rahul Gupta,C,IT
160,S1160,63.3,31.1,0,60.5,Aarav Nair,C,CSE
161,S1161,84.4,37.2,6,54.3,Kritika Saxena,C,AIML
162,S1162,88.9,27.3,5,66.6,Reyansh Gupta,B,CSE
163,S1163,65.2,30.4,9,62.2,Shreya Mishra,B,CSE
164,S1164,86.6,32.1,8,72.7,Simran Reddy,B,AIML
165,S1165,80.0,25.6,0,60.6,Ishaan Chauhan,A,CSE
166,S1166,84.9,29.3,3,86.2,Arjun Patel,B,CSE
167,S1167,97.8,28.1,8,66.9,Nikhil Rao,A,AIML
168,S1168,72.1,28.6,3,61.1,Ananya Nair,A,CSE
169,S1169,66.0,23.4,9,80.4,Shreya Rao,B,AIML
170,S1170,64.3,28.1,2,40.7,Kritika Iyer,B,CSE
171,S1171,65.2,31.0,8,70.1,Aarav Bhatt,B,AIML
172,S1172,74.1,36.7,1,65.4,Priya Singh,C,AIML
173,S1173,79.1,33.8,3,43.8,Ishaan Reddy,B,CSE
174,S1174,78.3,40.0,5,39.4,Krishna Singh,C,CSE
175,S1175,84.9,23.4,1,80.2,Meera Kumar,A,CSE
176,S1176,75.2,33.2,7,79.4,Anika Rao,C,IT
177,S1177,92.4,29.1,7,67.6,Sneha Mishra,B,IT
178,S1178,71.8,40.0,0,90.7,Karan Mishra,A,IT
179,S1179,100.0,23.2,2,71.6,Saanvi Iyer,A,AIML
180,S1180,82.5,23.0,9,83.7,Pooja Reddy,A,CSE
181,S1181,64.7,24.4,8,71.3,Vihaan Gupta,C,AIML
182,S1182,62.1,15.3,4,60.9,Dev Reddy,B,IT
183,S1183,80.8,24.8,5,49.1,Aditya Sharma,A,CSE
184,S1184,72.3,23.4,3,55.9,Karan Kumar,A,AIML
185,S1185,83.6,28.9,9,61.1,Saanvi Yadav,A,CSE
186,S1186,80.7,30.1,1,85.4,Raj Bhatt,C,AIML
187,S1187,74.1,39.3,10,76.5,Dev Bhatt,C,CSE
188,S1188,64.8,33.7,7,70.0,Aarav Singh,B,IT
189,S1189,56.8,24.5,10,78.1,Arjun Kumar,C,IT
190,S1190,69.6,22.6,5,72.9,Shreya Verma,A,CSE
191,S1191,85.3,31.0,4,68.9,Nikhil Saxena,B,AIML
192,S1192,77.6,20.1,8,42.5,Meera Kumar,A,IT
193,S1193,60.1,39.0,0,82.1,Dev Kumar,A,IT
194,S1194,77.1,35.1,4,58.1,Aditya Rao,C,IT
195,S1195,79.6,25.2,5,81.3,Nikhil Verma,B,CSE
196,S1196,64.4,17.7,4,82.8,Aman Mishra,C,CSE
197,S1197,76.8,36.1,5,54.9,Aadhya Singh,C,AIML
198,S1198,75.7,27.3,5,79.2,Aman Bhatt,B,AIML
199,S1199,61.3,35.4,6,59.6,Manav Agarwal,A,AIML
